{
  "coc-python|/Users/ghasak.ibrahim/Desktop": {
    "INTERPRETERS_CACHE_v3_PipEnvService:f4af6373198275b4f0b0537b2205fa81": [],
    "INTERPRETERS_CACHE_v3_WorkspaceVirtualEnvService:f4af6373198275b4f0b0537b2205fa81": [],
    "autoSelectedWorkspacePythonInterpreter-/Users/ghasak.ibrahim/Desktop": {
      "architecture": 3,
      "path": "/Users/ghasak.ibrahim/opt/anaconda3/bin/python",
      "version": {
        "options": {
          "loose": false,
          "includePrerelease": false
        },
        "loose": false,
        "raw": "3.8.5-final",
        "major": 3,
        "minor": 8,
        "patch": 5,
        "prerelease": [
          "final"
        ],
        "build": [],
        "version": "3.8.5-final"
      },
      "sysPrefix": "/Users/ghasak.ibrahim/opt/anaconda3",
      "fileHash": "bf5965b0d69ad192fa76a247fa5a51762b1d8c1249e451c99283071c2b488026e8997da1d9ce5e690ef63549c3c8146ca3ba278efab66c871ae5c223d986d6c4",
      "type": "Unknown"
    },
    "INTERPRETERS_CACHE_v3_PipEnvService": [],
    "INTERPRETERS_CACHE_v3_WorkspaceVirtualEnvService": [],
    "INTERPRETERS_CACHE_v3_PipEnvService:57a036d1f69d30304fc29295803c8dd9": [],
    "INTERPRETERS_CACHE_v3_WorkspaceVirtualEnvService:57a036d1f69d30304fc29295803c8dd9": [],
    "autoSelectedWorkspacePythonInterpreter-/Users/ghasak.ibrahim/Desktop/binance-trader-v4": {
      "architecture": 3,
      "path": "/usr/local/bin/python3",
      "version": {
        "options": {
          "loose": false,
          "includePrerelease": false
        },
        "loose": false,
        "raw": "3.9.2-final",
        "major": 3,
        "minor": 9,
        "patch": 2,
        "prerelease": [
          "final"
        ],
        "build": [],
        "version": "3.9.2-final"
      },
      "sysPrefix": "/usr/local/opt/python@3.9/Frameworks/Python.framework/Versions/3.9",
      "fileHash": "e47b2b812e3b05d4a03c1c02bfc069ff41027637f5370508457d40e697f75ebe49a29d9151772b197f2e26bd787e8711932711d84967d7af4e03236a06997fd5",
      "type": "Unknown",
      "displayName": "Python 3.9.2 64-bit"
    },
    "SelectedPythonPath": "/Users/ghasak.ibrahim/opt/anaconda3/bin/python"
  },
  "coc-python|global": {
    "INTERPRETERS_CACHE_v3_VirtualEnvService": [],
    "/usr/bin/python.v3": {
      "data": {
        "architecture": 3,
        "path": "/usr/bin/python",
        "version": {
          "options": {
            "loose": false,
            "includePrerelease": false
          },
          "loose": false,
          "raw": "2.7.16-final",
          "major": 2,
          "minor": 7,
          "patch": 16,
          "prerelease": [
            "final"
          ],
          "build": [],
          "version": "2.7.16-final"
        },
        "sysPrefix": "/System/Library/Frameworks/Python.framework/Versions/2.7",
        "fileHash": "739ced33832e8331aa6c8f7ae34e9a026e63167c6cc8afe1adf280f89214974799d5cf1019861e9bd7dcf2dce6c13bd6aa5eaeae513bcb45f712234153463f06"
      },
      "expiry": 1619090204317
    },
    "/usr/local/bin/python3.9.v3": {
      "data": {
        "architecture": 3,
        "path": "/usr/local/bin/python3.9",
        "version": {
          "options": {
            "loose": false,
            "includePrerelease": false
          },
          "loose": false,
          "raw": "3.9.4-final",
          "major": 3,
          "minor": 9,
          "patch": 4,
          "prerelease": [
            "final"
          ],
          "build": [],
          "version": "3.9.4-final"
        },
        "sysPrefix": "/usr/local/opt/python@3.9/Frameworks/Python.framework/Versions/3.9",
        "fileHash": "cd082dbe0f68dc9299b7568b02b4e29689071d8954f6436a3e42060f45cb84bfd86aa4243e012ab6e8f629148ee66ef2f6f75d614e8cf50007f97bb34ddc96d1"
      },
      "expiry": 1619090204319
    },
    "/usr/local/bin/python3.v3": {
      "data": {
        "architecture": 3,
        "path": "/usr/local/bin/python3",
        "version": {
          "options": {
            "loose": false,
            "includePrerelease": false
          },
          "loose": false,
          "raw": "3.9.4-final",
          "major": 3,
          "minor": 9,
          "patch": 4,
          "prerelease": [
            "final"
          ],
          "build": [],
          "version": "3.9.4-final"
        },
        "sysPrefix": "/usr/local/opt/python@3.9/Frameworks/Python.framework/Versions/3.9",
        "fileHash": "6d925c7ff51df78a1219f462a561fe2e6b0bef1a13f96b6eb029cc33d13565968d0e798b50a7760d46ae6b02964d83c5785dc6dd95b6a8c1be399635e1068341"
      },
      "expiry": 1618632943681
    },
    "/usr/bin/python2.v3": {
      "data": {
        "architecture": 3,
        "path": "/usr/bin/python2",
        "version": {
          "options": {
            "loose": false,
            "includePrerelease": false
          },
          "loose": false,
          "raw": "2.7.16-final",
          "major": 2,
          "minor": 7,
          "patch": 16,
          "prerelease": [
            "final"
          ],
          "build": [],
          "version": "2.7.16-final"
        },
        "sysPrefix": "/System/Library/Frameworks/Python.framework/Versions/2.7",
        "fileHash": "c9fda7fcdbf78a312fa8e5a239bc014fa9c637c92258bcebfa7dc98c0d53ea128da630715a7db910a58e219d8d16fa88aaab39c3a5a0c5885d07286d75eb3c7c"
      },
      "expiry": 1619090204315
    },
    "/Users/ghasak.ibrahim/opt/anaconda3/bin/python3.8.v3": {
      "data": {
        "architecture": 3,
        "path": "/Users/ghasak.ibrahim/opt/anaconda3/bin/python3.8",
        "version": {
          "options": {
            "loose": false,
            "includePrerelease": false
          },
          "loose": false,
          "raw": "3.8.5-final",
          "major": 3,
          "minor": 8,
          "patch": 5,
          "prerelease": [
            "final"
          ],
          "build": [],
          "version": "3.8.5-final"
        },
        "sysPrefix": "/Users/ghasak.ibrahim/opt/anaconda3",
        "fileHash": "74012878d0cb3a7774a65314d92e740473e88bdcc11b959c2ecc39a206306d8d91d5184ab41fede8da4e8d06710df47eed40113f0f034bdaf15a403b6f8d8884"
      },
      "expiry": 1619090204321
    },
    "/Users/ghasak.ibrahim/opt/anaconda3/bin/python3.v3": {
      "data": {
        "architecture": 3,
        "path": "/Users/ghasak.ibrahim/opt/anaconda3/bin/python3",
        "version": {
          "options": {
            "loose": false,
            "includePrerelease": false
          },
          "loose": false,
          "raw": "3.8.5-final",
          "major": 3,
          "minor": 8,
          "patch": 5,
          "prerelease": [
            "final"
          ],
          "build": [],
          "version": "3.8.5-final"
        },
        "sysPrefix": "/Users/ghasak.ibrahim/opt/anaconda3",
        "fileHash": "bac9858e7236ba85e58d02bc4f6d845a1b65918b4b52bbd09593cac82e63d3ee09a025ba24e9980349d40930911e781cad1acabefef4d0d6c9a913cb12afc984"
      },
      "expiry": 1619090204442
    },
    "/Users/ghasak.ibrahim/opt/anaconda3/bin/python.v3": {
      "data": {
        "architecture": 3,
        "path": "/Users/ghasak.ibrahim/opt/anaconda3/bin/python",
        "version": {
          "options": {
            "loose": false,
            "includePrerelease": false
          },
          "loose": false,
          "raw": "3.8.5-final",
          "major": 3,
          "minor": 8,
          "patch": 5,
          "prerelease": [
            "final"
          ],
          "build": [],
          "version": "3.8.5-final"
        },
        "sysPrefix": "/Users/ghasak.ibrahim/opt/anaconda3",
        "fileHash": "908a6702ae7724e1accc1aeddaa546cf64f4e532e3a450af8dbb9dd3a61acf9f96f5652f6cff3992babdf9f096b91003eb7706a4ebaadc87c21edab83a41a6ea"
      },
      "expiry": 1619090204400
    },
    "/usr/bin/python2.7.v3": {
      "data": {
        "architecture": 3,
        "path": "/usr/bin/python2.7",
        "version": {
          "options": {
            "loose": false,
            "includePrerelease": false
          },
          "loose": false,
          "raw": "2.7.16-final",
          "major": 2,
          "minor": 7,
          "patch": 16,
          "prerelease": [
            "final"
          ],
          "build": [],
          "version": "2.7.16-final"
        },
        "sysPrefix": "/System/Library/Frameworks/Python.framework/Versions/2.7",
        "fileHash": "aa0176768712da488de9f465b96c50fc7c9c213767657284def09de5ccfdcc747f47b19e42efccec30a56f8e55d3b7c04760765feda4517fdde03932a576e2c9"
      },
      "expiry": 1619090204313
    },
    "/usr/bin/python3.v3": {
      "data": {
        "architecture": 3,
        "path": "/usr/bin/python3",
        "version": {
          "options": {
            "loose": false,
            "includePrerelease": false
          },
          "loose": false,
          "raw": "3.8.2-final",
          "major": 3,
          "minor": 8,
          "patch": 2,
          "prerelease": [
            "final"
          ],
          "build": [],
          "version": "3.8.2-final"
        },
        "sysPrefix": "/Applications/Xcode.app/Contents/Developer/Library/Frameworks/Python3.framework/Versions/3.8",
        "fileHash": "9de939266d3dfd3f96bb5d337afb87108706858cdf1daf98aa8d1782386374aa3579dd6d21b8e395b983732e5480dc6d2642fff4df31a1ff83de70c4363e95f2"
      },
      "expiry": 1619090204311
    },
    "INTERPRETERS_CACHE_v3_KnownPathsService": [
      {
        "architecture": 3,
        "path": "/Users/ghasak.ibrahim/opt/anaconda3/bin/python",
        "version": {
          "options": {
            "loose": false,
            "includePrerelease": false
          },
          "loose": false,
          "raw": "3.8.5-final",
          "major": 3,
          "minor": 8,
          "patch": 5,
          "prerelease": [
            "final"
          ],
          "build": [],
          "version": "3.8.5-final"
        },
        "sysPrefix": "/Users/ghasak.ibrahim/opt/anaconda3",
        "fileHash": "908a6702ae7724e1accc1aeddaa546cf64f4e532e3a450af8dbb9dd3a61acf9f96f5652f6cff3992babdf9f096b91003eb7706a4ebaadc87c21edab83a41a6ea",
        "type": "Unknown"
      },
      {
        "architecture": 3,
        "path": "/Users/ghasak.ibrahim/opt/anaconda3/bin/python3",
        "version": {
          "options": {
            "loose": false,
            "includePrerelease": false
          },
          "loose": false,
          "raw": "3.8.5-final",
          "major": 3,
          "minor": 8,
          "patch": 5,
          "prerelease": [
            "final"
          ],
          "build": [],
          "version": "3.8.5-final"
        },
        "sysPrefix": "/Users/ghasak.ibrahim/opt/anaconda3",
        "fileHash": "bac9858e7236ba85e58d02bc4f6d845a1b65918b4b52bbd09593cac82e63d3ee09a025ba24e9980349d40930911e781cad1acabefef4d0d6c9a913cb12afc984",
        "type": "Unknown"
      },
      {
        "architecture": 3,
        "path": "/Users/ghasak.ibrahim/opt/anaconda3/bin/python3.8",
        "version": {
          "options": {
            "loose": false,
            "includePrerelease": false
          },
          "loose": false,
          "raw": "3.8.5-final",
          "major": 3,
          "minor": 8,
          "patch": 5,
          "prerelease": [
            "final"
          ],
          "build": [],
          "version": "3.8.5-final"
        },
        "sysPrefix": "/Users/ghasak.ibrahim/opt/anaconda3",
        "fileHash": "74012878d0cb3a7774a65314d92e740473e88bdcc11b959c2ecc39a206306d8d91d5184ab41fede8da4e8d06710df47eed40113f0f034bdaf15a403b6f8d8884",
        "type": "Unknown"
      },
      {
        "architecture": 3,
        "path": "/usr/local/bin/python3.9",
        "version": {
          "options": {
            "loose": false,
            "includePrerelease": false
          },
          "loose": false,
          "raw": "3.9.4-final",
          "major": 3,
          "minor": 9,
          "patch": 4,
          "prerelease": [
            "final"
          ],
          "build": [],
          "version": "3.9.4-final"
        },
        "sysPrefix": "/usr/local/opt/python@3.9/Frameworks/Python.framework/Versions/3.9",
        "fileHash": "cd082dbe0f68dc9299b7568b02b4e29689071d8954f6436a3e42060f45cb84bfd86aa4243e012ab6e8f629148ee66ef2f6f75d614e8cf50007f97bb34ddc96d1",
        "type": "Unknown"
      },
      {
        "architecture": 3,
        "path": "/usr/bin/python",
        "version": {
          "options": {
            "loose": false,
            "includePrerelease": false
          },
          "loose": false,
          "raw": "2.7.16-final",
          "major": 2,
          "minor": 7,
          "patch": 16,
          "prerelease": [
            "final"
          ],
          "build": [],
          "version": "2.7.16-final"
        },
        "sysPrefix": "/System/Library/Frameworks/Python.framework/Versions/2.7",
        "fileHash": "739ced33832e8331aa6c8f7ae34e9a026e63167c6cc8afe1adf280f89214974799d5cf1019861e9bd7dcf2dce6c13bd6aa5eaeae513bcb45f712234153463f06",
        "type": "Unknown"
      },
      {
        "architecture": 3,
        "path": "/usr/bin/python2",
        "version": {
          "options": {
            "loose": false,
            "includePrerelease": false
          },
          "loose": false,
          "raw": "2.7.16-final",
          "major": 2,
          "minor": 7,
          "patch": 16,
          "prerelease": [
            "final"
          ],
          "build": [],
          "version": "2.7.16-final"
        },
        "sysPrefix": "/System/Library/Frameworks/Python.framework/Versions/2.7",
        "fileHash": "c9fda7fcdbf78a312fa8e5a239bc014fa9c637c92258bcebfa7dc98c0d53ea128da630715a7db910a58e219d8d16fa88aaab39c3a5a0c5885d07286d75eb3c7c",
        "type": "Unknown"
      },
      {
        "architecture": 3,
        "path": "/usr/bin/python2.7",
        "version": {
          "options": {
            "loose": false,
            "includePrerelease": false
          },
          "loose": false,
          "raw": "2.7.16-final",
          "major": 2,
          "minor": 7,
          "patch": 16,
          "prerelease": [
            "final"
          ],
          "build": [],
          "version": "2.7.16-final"
        },
        "sysPrefix": "/System/Library/Frameworks/Python.framework/Versions/2.7",
        "fileHash": "aa0176768712da488de9f465b96c50fc7c9c213767657284def09de5ccfdcc747f47b19e42efccec30a56f8e55d3b7c04760765feda4517fdde03932a576e2c9",
        "type": "Unknown"
      },
      {
        "architecture": 3,
        "path": "/usr/bin/python3",
        "version": {
          "options": {
            "loose": false,
            "includePrerelease": false
          },
          "loose": false,
          "raw": "3.8.2-final",
          "major": 3,
          "minor": 8,
          "patch": 2,
          "prerelease": [
            "final"
          ],
          "build": [],
          "version": "3.8.2-final"
        },
        "sysPrefix": "/Applications/Xcode.app/Contents/Developer/Library/Frameworks/Python3.framework/Versions/3.8",
        "fileHash": "9de939266d3dfd3f96bb5d337afb87108706858cdf1daf98aa8d1782386374aa3579dd6d21b8e395b983732e5480dc6d2642fff4df31a1ff83de70c4363e95f2",
        "type": "Unknown"
      },
      {
        "architecture": 3,
        "path": "/usr/local/bin/python3.9",
        "version": {
          "options": {
            "loose": false,
            "includePrerelease": false
          },
          "loose": false,
          "raw": "3.9.4-final",
          "major": 3,
          "minor": 9,
          "patch": 4,
          "prerelease": [
            "final"
          ],
          "build": [],
          "version": "3.9.4-final"
        },
        "sysPrefix": "/usr/local/opt/python@3.9/Frameworks/Python.framework/Versions/3.9",
        "fileHash": "cd082dbe0f68dc9299b7568b02b4e29689071d8954f6436a3e42060f45cb84bfd86aa4243e012ab6e8f629148ee66ef2f6f75d614e8cf50007f97bb34ddc96d1",
        "type": "Unknown"
      },
      {
        "architecture": 3,
        "path": "/usr/bin/python",
        "version": {
          "options": {
            "loose": false,
            "includePrerelease": false
          },
          "loose": false,
          "raw": "2.7.16-final",
          "major": 2,
          "minor": 7,
          "patch": 16,
          "prerelease": [
            "final"
          ],
          "build": [],
          "version": "2.7.16-final"
        },
        "sysPrefix": "/System/Library/Frameworks/Python.framework/Versions/2.7",
        "fileHash": "739ced33832e8331aa6c8f7ae34e9a026e63167c6cc8afe1adf280f89214974799d5cf1019861e9bd7dcf2dce6c13bd6aa5eaeae513bcb45f712234153463f06",
        "type": "Unknown"
      },
      {
        "architecture": 3,
        "path": "/usr/bin/python2",
        "version": {
          "options": {
            "loose": false,
            "includePrerelease": false
          },
          "loose": false,
          "raw": "2.7.16-final",
          "major": 2,
          "minor": 7,
          "patch": 16,
          "prerelease": [
            "final"
          ],
          "build": [],
          "version": "2.7.16-final"
        },
        "sysPrefix": "/System/Library/Frameworks/Python.framework/Versions/2.7",
        "fileHash": "c9fda7fcdbf78a312fa8e5a239bc014fa9c637c92258bcebfa7dc98c0d53ea128da630715a7db910a58e219d8d16fa88aaab39c3a5a0c5885d07286d75eb3c7c",
        "type": "Unknown"
      },
      {
        "architecture": 3,
        "path": "/usr/bin/python2.7",
        "version": {
          "options": {
            "loose": false,
            "includePrerelease": false
          },
          "loose": false,
          "raw": "2.7.16-final",
          "major": 2,
          "minor": 7,
          "patch": 16,
          "prerelease": [
            "final"
          ],
          "build": [],
          "version": "2.7.16-final"
        },
        "sysPrefix": "/System/Library/Frameworks/Python.framework/Versions/2.7",
        "fileHash": "aa0176768712da488de9f465b96c50fc7c9c213767657284def09de5ccfdcc747f47b19e42efccec30a56f8e55d3b7c04760765feda4517fdde03932a576e2c9",
        "type": "Unknown"
      },
      {
        "architecture": 3,
        "path": "/usr/bin/python3",
        "version": {
          "options": {
            "loose": false,
            "includePrerelease": false
          },
          "loose": false,
          "raw": "3.8.2-final",
          "major": 3,
          "minor": 8,
          "patch": 2,
          "prerelease": [
            "final"
          ],
          "build": [],
          "version": "3.8.2-final"
        },
        "sysPrefix": "/Applications/Xcode.app/Contents/Developer/Library/Frameworks/Python3.framework/Versions/3.8",
        "fileHash": "9de939266d3dfd3f96bb5d337afb87108706858cdf1daf98aa8d1782386374aa3579dd6d21b8e395b983732e5480dc6d2642fff4df31a1ff83de70c4363e95f2",
        "type": "Unknown"
      }
    ],
    "/System/Library/Frameworks/Python.framework/Versions/2.7/Resources/Python.app/Contents/MacOS/Python.v3": {
      "data": {
        "architecture": 3,
        "path": "/System/Library/Frameworks/Python.framework/Versions/2.7/Resources/Python.app/Contents/MacOS/Python",
        "version": {
          "options": {
            "loose": false,
            "includePrerelease": false
          },
          "loose": false,
          "raw": "2.7.16-final",
          "major": 2,
          "minor": 7,
          "patch": 16,
          "prerelease": [
            "final"
          ],
          "build": [],
          "version": "2.7.16-final"
        },
        "sysPrefix": "/System/Library/Frameworks/Python.framework/Versions/2.7",
        "fileHash": "0df5b041e0ce41120a91fb06f0f46403ccdeed3591a0edd4a751590797089db44a78274121eba1cab254dac14704f047a8559ebbefc1f3c451b9f4fdd92cd37a"
      },
      "expiry": 1619090204398
    },
    "INTERPRETERS_CACHE_v3_CurrentPathService": [
      {
        "architecture": 3,
        "path": "/Users/ghasak.ibrahim/opt/anaconda3/bin/python3",
        "version": {
          "options": {
            "loose": false,
            "includePrerelease": false
          },
          "loose": false,
          "raw": "3.8.5-final",
          "major": 3,
          "minor": 8,
          "patch": 5,
          "prerelease": [
            "final"
          ],
          "build": [],
          "version": "3.8.5-final"
        },
        "sysPrefix": "/Users/ghasak.ibrahim/opt/anaconda3",
        "fileHash": "bac9858e7236ba85e58d02bc4f6d845a1b65918b4b52bbd09593cac82e63d3ee09a025ba24e9980349d40930911e781cad1acabefef4d0d6c9a913cb12afc984",
        "type": "Unknown"
      },
      {
        "architecture": 3,
        "path": "/System/Library/Frameworks/Python.framework/Versions/2.7/Resources/Python.app/Contents/MacOS/Python",
        "version": {
          "options": {
            "loose": false,
            "includePrerelease": false
          },
          "loose": false,
          "raw": "2.7.16-final",
          "major": 2,
          "minor": 7,
          "patch": 16,
          "prerelease": [
            "final"
          ],
          "build": [],
          "version": "2.7.16-final"
        },
        "sysPrefix": "/System/Library/Frameworks/Python.framework/Versions/2.7",
        "fileHash": "0df5b041e0ce41120a91fb06f0f46403ccdeed3591a0edd4a751590797089db44a78274121eba1cab254dac14704f047a8559ebbefc1f3c451b9f4fdd92cd37a",
        "type": "Unknown"
      },
      {
        "architecture": 3,
        "path": "/Users/ghasak.ibrahim/opt/anaconda3/bin/python",
        "version": {
          "options": {
            "loose": false,
            "includePrerelease": false
          },
          "loose": false,
          "raw": "3.8.5-final",
          "major": 3,
          "minor": 8,
          "patch": 5,
          "prerelease": [
            "final"
          ],
          "build": [],
          "version": "3.8.5-final"
        },
        "sysPrefix": "/Users/ghasak.ibrahim/opt/anaconda3",
        "fileHash": "908a6702ae7724e1accc1aeddaa546cf64f4e532e3a450af8dbb9dd3a61acf9f96f5652f6cff3992babdf9f096b91003eb7706a4ebaadc87c21edab83a41a6ea",
        "type": "Unknown"
      },
      {
        "architecture": 3,
        "path": "/Users/ghasak.ibrahim/opt/anaconda3/bin/python",
        "version": {
          "options": {
            "loose": false,
            "includePrerelease": false
          },
          "loose": false,
          "raw": "3.8.5-final",
          "major": 3,
          "minor": 8,
          "patch": 5,
          "prerelease": [
            "final"
          ],
          "build": [],
          "version": "3.8.5-final"
        },
        "sysPrefix": "/Users/ghasak.ibrahim/opt/anaconda3",
        "fileHash": "908a6702ae7724e1accc1aeddaa546cf64f4e532e3a450af8dbb9dd3a61acf9f96f5652f6cff3992babdf9f096b91003eb7706a4ebaadc87c21edab83a41a6ea",
        "type": "Unknown"
      }
    ],
    "/Users/ghasak.ibrahim/.conda/envs/pythonProject/bin/python.v3": {
      "data": {
        "architecture": 3,
        "path": "/Users/ghasak.ibrahim/.conda/envs/pythonProject/bin/python",
        "version": {
          "options": {
            "loose": false,
            "includePrerelease": false
          },
          "loose": false,
          "raw": "3.8.5-final",
          "major": 3,
          "minor": 8,
          "patch": 5,
          "prerelease": [
            "final"
          ],
          "build": [],
          "version": "3.8.5-final"
        },
        "sysPrefix": "/Users/ghasak.ibrahim/.conda/envs/pythonProject",
        "fileHash": "8680fa514285de1bd25280e33bf7e8db7b44bde93a93a51ef67844443e0584152449d06b7a4b2a06ec0f1986bdc574cd980f1601ffde4a6d4b27d217a434b3a7"
      },
      "expiry": 1619090204682
    },
    "CONDA_ENVIRONMENTS": {
      "data": [
        {
          "name": "pythonProject",
          "path": "/Users/ghasak.ibrahim/.conda/envs/pythonProject"
        },
        {
          "name": "base",
          "path": "/Users/ghasak.ibrahim/opt/anaconda3"
        }
      ]
    },
    "INTERPRETERS_CACHE_v3_CondaEnvFileService": [
      {
        "architecture": 3,
        "path": "/Users/ghasak.ibrahim/opt/anaconda3/bin/python",
        "version": {
          "options": {
            "loose": false,
            "includePrerelease": false
          },
          "loose": false,
          "raw": "3.8.5-final",
          "major": 3,
          "minor": 8,
          "patch": 5,
          "prerelease": [
            "final"
          ],
          "build": [],
          "version": "3.8.5-final"
        },
        "sysPrefix": "/Users/ghasak.ibrahim/opt/anaconda3",
        "fileHash": "908a6702ae7724e1accc1aeddaa546cf64f4e532e3a450af8dbb9dd3a61acf9f96f5652f6cff3992babdf9f096b91003eb7706a4ebaadc87c21edab83a41a6ea",
        "companyDisplayName": "Anaconda, Inc.",
        "type": "Conda",
        "envPath": "/Users/ghasak.ibrahim/opt/anaconda3",
        "envName": "base"
      },
      {
        "architecture": 3,
        "path": "/Users/ghasak.ibrahim/.conda/envs/pythonProject/bin/python",
        "version": {
          "options": {
            "loose": false,
            "includePrerelease": false
          },
          "loose": false,
          "raw": "3.8.5-final",
          "major": 3,
          "minor": 8,
          "patch": 5,
          "prerelease": [
            "final"
          ],
          "build": [],
          "version": "3.8.5-final"
        },
        "sysPrefix": "/Users/ghasak.ibrahim/.conda/envs/pythonProject",
        "fileHash": "8680fa514285de1bd25280e33bf7e8db7b44bde93a93a51ef67844443e0584152449d06b7a4b2a06ec0f1986bdc574cd980f1601ffde4a6d4b27d217a434b3a7",
        "companyDisplayName": "Anaconda, Inc.",
        "type": "Conda",
        "envPath": "/Users/ghasak.ibrahim/.conda/envs/pythonProject",
        "envName": "pythonProject"
      }
    ],
    "INTERPRETERS_CACHE_v3_CondaEnvService": [
      {
        "architecture": 3,
        "path": "/Users/ghasak.ibrahim/.conda/envs/pythonProject/bin/python",
        "version": {
          "options": {
            "loose": false,
            "includePrerelease": false
          },
          "loose": false,
          "raw": "3.8.5-final",
          "major": 3,
          "minor": 8,
          "patch": 5,
          "prerelease": [
            "final"
          ],
          "build": [],
          "version": "3.8.5-final"
        },
        "sysPrefix": "/Users/ghasak.ibrahim/.conda/envs/pythonProject",
        "fileHash": "8680fa514285de1bd25280e33bf7e8db7b44bde93a93a51ef67844443e0584152449d06b7a4b2a06ec0f1986bdc574cd980f1601ffde4a6d4b27d217a434b3a7",
        "companyDisplayName": "Anaconda, Inc.",
        "type": "Conda",
        "envPath": "/Users/ghasak.ibrahim/.conda/envs/pythonProject",
        "envName": "pythonProject"
      },
      {
        "architecture": 3,
        "path": "/Users/ghasak.ibrahim/opt/anaconda3/bin/python",
        "version": {
          "options": {
            "loose": false,
            "includePrerelease": false
          },
          "loose": false,
          "raw": "3.8.5-final",
          "major": 3,
          "minor": 8,
          "patch": 5,
          "prerelease": [
            "final"
          ],
          "build": [],
          "version": "3.8.5-final"
        },
        "sysPrefix": "/Users/ghasak.ibrahim/opt/anaconda3",
        "fileHash": "908a6702ae7724e1accc1aeddaa546cf64f4e532e3a450af8dbb9dd3a61acf9f96f5652f6cff3992babdf9f096b91003eb7706a4ebaadc87c21edab83a41a6ea",
        "companyDisplayName": "Anaconda, Inc.",
        "type": "Conda",
        "envPath": "/Users/ghasak.ibrahim/opt/anaconda3",
        "envName": "base"
      },
      {
        "architecture": 3,
        "path": "/Users/ghasak.ibrahim/opt/anaconda3/bin/python",
        "version": {
          "options": {
            "loose": false,
            "includePrerelease": false
          },
          "loose": false,
          "raw": "3.8.5-final",
          "major": 3,
          "minor": 8,
          "patch": 5,
          "prerelease": [
            "final"
          ],
          "build": [],
          "version": "3.8.5-final"
        },
        "sysPrefix": "/Users/ghasak.ibrahim/opt/anaconda3",
        "fileHash": "908a6702ae7724e1accc1aeddaa546cf64f4e532e3a450af8dbb9dd3a61acf9f96f5652f6cff3992babdf9f096b91003eb7706a4ebaadc87c21edab83a41a6ea",
        "companyDisplayName": "Anaconda, Inc.",
        "type": "Conda",
        "envPath": "/Users/ghasak.ibrahim/opt/anaconda3",
        "envName": "base"
      }
    ],
    "PipEnvInformation": [],
    "/Users/ghasak.ibrahim/.conda/envs/pythonProject/bin/python.interpreter.displayName.v7": {
      "data": {
        "displayName": "Python 3.8.5 64-bit ('pythonProject': conda)",
        "hash": "8680fa514285de1bd25280e33bf7e8db7b44bde93a93a51ef67844443e0584152449d06b7a4b2a06ec0f1986bdc574cd980f1601ffde4a6d4b27d217a434b3a7-78f8e40b53514bd28bd8e1b0fd12fd18"
      },
      "expiry": 1619090359036
    },
    "/Users/ghasak.ibrahim/opt/anaconda3/bin/python.interpreter.displayName.v7": {
      "data": {
        "displayName": "Python 3.8.5 64-bit ('base': conda)",
        "hash": "908a6702ae7724e1accc1aeddaa546cf64f4e532e3a450af8dbb9dd3a61acf9f96f5652f6cff3992babdf9f096b91003eb7706a4ebaadc87c21edab83a41a6ea-6074a56ea63cd9236ec0123a1096a8cd"
      },
      "expiry": 1619090359038
    },
    "/usr/bin/python.interpreter.displayName.v7": {
      "data": {
        "displayName": "Python 2.7.16 64-bit",
        "hash": "739ced33832e8331aa6c8f7ae34e9a026e63167c6cc8afe1adf280f89214974799d5cf1019861e9bd7dcf2dce6c13bd6aa5eaeae513bcb45f712234153463f06-5c61f15d25ec272865d3195d69e2dd83"
      },
      "expiry": 1619090205056
    },
    "/usr/bin/python3.interpreter.displayName.v7": {
      "data": {
        "displayName": "Python 3.8.2 64-bit",
        "hash": "9de939266d3dfd3f96bb5d337afb87108706858cdf1daf98aa8d1782386374aa3579dd6d21b8e395b983732e5480dc6d2642fff4df31a1ff83de70c4363e95f2-6fa95e34fbfd1ea41d9d841cef2e198b"
      },
      "expiry": 1619090205059
    },
    "/usr/local/bin/python3.interpreter.displayName.v7": {
      "data": {
        "displayName": "Python 3.9.4 64-bit",
        "hash": "6d925c7ff51df78a1219f462a561fe2e6b0bef1a13f96b6eb029cc33d13565968d0e798b50a7760d46ae6b02964d83c5785dc6dd95b6a8c1be399635e1068341-c550e7be96e348a34bd59b5f7ab0dbee"
      },
      "expiry": 1618632944454
    },
    "/System/Library/Frameworks/Python.framework/Versions/2.7/Resources/Python.app/Contents/MacOS/Python.interpreter.displayName.v7": {
      "data": {
        "displayName": "Python 2.7.16 64-bit",
        "hash": "0df5b041e0ce41120a91fb06f0f46403ccdeed3591a0edd4a751590797089db44a78274121eba1cab254dac14704f047a8559ebbefc1f3c451b9f4fdd92cd37a-7f614c49d37d0ed612c3d48f0aa6a5f3"
      },
      "expiry": 1619090205086
    },
    "/Users/ghasak.ibrahim/.conda/envs/pythonProject/bin/python.interpreter.Details.v7": {
      "data": {
        "fileHash": "8680fa514285de1bd25280e33bf7e8db7b44bde93a93a51ef67844443e0584152449d06b7a4b2a06ec0f1986bdc574cd980f1601ffde4a6d4b27d217a434b3a7",
        "info": {
          "architecture": 3,
          "path": "/Users/ghasak.ibrahim/.conda/envs/pythonProject/bin/python",
          "version": {
            "options": {
              "loose": false,
              "includePrerelease": false
            },
            "loose": false,
            "raw": "3.8.5-final",
            "major": 3,
            "minor": 8,
            "patch": 5,
            "prerelease": [
              "final"
            ],
            "build": [],
            "version": "3.8.5-final"
          },
          "sysPrefix": "/Users/ghasak.ibrahim/.conda/envs/pythonProject",
          "fileHash": "8680fa514285de1bd25280e33bf7e8db7b44bde93a93a51ef67844443e0584152449d06b7a4b2a06ec0f1986bdc574cd980f1601ffde4a6d4b27d217a434b3a7",
          "companyDisplayName": "Anaconda, Inc.",
          "type": "Conda",
          "envPath": "/Users/ghasak.ibrahim/.conda/envs/pythonProject",
          "envName": "pythonProject",
          "displayName": "Python 3.8.5 64-bit ('pythonProject': conda)"
        }
      },
      "expiry": 1619090359053
    },
    "/Users/ghasak.ibrahim/opt/anaconda3/bin/python.interpreter.Details.v7": {
      "data": {
        "fileHash": "908a6702ae7724e1accc1aeddaa546cf64f4e532e3a450af8dbb9dd3a61acf9f96f5652f6cff3992babdf9f096b91003eb7706a4ebaadc87c21edab83a41a6ea",
        "info": {
          "architecture": 3,
          "path": "/Users/ghasak.ibrahim/opt/anaconda3/bin/python",
          "version": {
            "options": {
              "loose": false,
              "includePrerelease": false
            },
            "loose": false,
            "raw": "3.8.5-final",
            "major": 3,
            "minor": 8,
            "patch": 5,
            "prerelease": [
              "final"
            ],
            "build": [],
            "version": "3.8.5-final"
          },
          "sysPrefix": "/Users/ghasak.ibrahim/opt/anaconda3",
          "fileHash": "908a6702ae7724e1accc1aeddaa546cf64f4e532e3a450af8dbb9dd3a61acf9f96f5652f6cff3992babdf9f096b91003eb7706a4ebaadc87c21edab83a41a6ea",
          "companyDisplayName": "Anaconda, Inc.",
          "type": "Conda",
          "envPath": "/Users/ghasak.ibrahim/opt/anaconda3",
          "envName": "base",
          "displayName": "Python 3.8.5 64-bit ('base': conda)"
        }
      },
      "expiry": 1619090359058
    },
    "/usr/bin/python.interpreter.Details.v7": {
      "data": {
        "fileHash": "739ced33832e8331aa6c8f7ae34e9a026e63167c6cc8afe1adf280f89214974799d5cf1019861e9bd7dcf2dce6c13bd6aa5eaeae513bcb45f712234153463f06",
        "info": {
          "architecture": 3,
          "path": "/usr/bin/python",
          "version": {
            "options": {
              "loose": false,
              "includePrerelease": false
            },
            "loose": false,
            "raw": "2.7.16-final",
            "major": 2,
            "minor": 7,
            "patch": 16,
            "prerelease": [
              "final"
            ],
            "build": [],
            "version": "2.7.16-final"
          },
          "sysPrefix": "/System/Library/Frameworks/Python.framework/Versions/2.7",
          "fileHash": "739ced33832e8331aa6c8f7ae34e9a026e63167c6cc8afe1adf280f89214974799d5cf1019861e9bd7dcf2dce6c13bd6aa5eaeae513bcb45f712234153463f06",
          "type": "Unknown",
          "displayName": "Python 2.7.16 64-bit"
        }
      },
      "expiry": 1619090205270
    },
    "/usr/bin/python3.interpreter.Details.v7": {
      "data": {
        "fileHash": "9de939266d3dfd3f96bb5d337afb87108706858cdf1daf98aa8d1782386374aa3579dd6d21b8e395b983732e5480dc6d2642fff4df31a1ff83de70c4363e95f2",
        "info": {
          "architecture": 3,
          "path": "/usr/bin/python3",
          "version": {
            "options": {
              "loose": false,
              "includePrerelease": false
            },
            "loose": false,
            "raw": "3.8.2-final",
            "major": 3,
            "minor": 8,
            "patch": 2,
            "prerelease": [
              "final"
            ],
            "build": [],
            "version": "3.8.2-final"
          },
          "sysPrefix": "/Applications/Xcode.app/Contents/Developer/Library/Frameworks/Python3.framework/Versions/3.8",
          "fileHash": "9de939266d3dfd3f96bb5d337afb87108706858cdf1daf98aa8d1782386374aa3579dd6d21b8e395b983732e5480dc6d2642fff4df31a1ff83de70c4363e95f2",
          "type": "Unknown",
          "displayName": "Python 3.8.2 64-bit"
        }
      },
      "expiry": 1619090205326
    },
    "/usr/local/bin/python3.interpreter.Details.v7": {
      "data": {
        "fileHash": "6d925c7ff51df78a1219f462a561fe2e6b0bef1a13f96b6eb029cc33d13565968d0e798b50a7760d46ae6b02964d83c5785dc6dd95b6a8c1be399635e1068341",
        "info": {
          "architecture": 3,
          "path": "/usr/local/bin/python3",
          "version": {
            "options": {
              "loose": false,
              "includePrerelease": false
            },
            "loose": false,
            "raw": "3.9.4-final",
            "major": 3,
            "minor": 9,
            "patch": 4,
            "prerelease": [
              "final"
            ],
            "build": [],
            "version": "3.9.4-final"
          },
          "sysPrefix": "/usr/local/opt/python@3.9/Frameworks/Python.framework/Versions/3.9",
          "fileHash": "6d925c7ff51df78a1219f462a561fe2e6b0bef1a13f96b6eb029cc33d13565968d0e798b50a7760d46ae6b02964d83c5785dc6dd95b6a8c1be399635e1068341",
          "type": "Unknown",
          "displayName": "Python 3.9.4 64-bit"
        }
      },
      "expiry": 1618632944654
    },
    "/System/Library/Frameworks/Python.framework/Versions/2.7/Resources/Python.app/Contents/MacOS/Python.interpreter.Details.v7": {
      "data": {
        "fileHash": "0df5b041e0ce41120a91fb06f0f46403ccdeed3591a0edd4a751590797089db44a78274121eba1cab254dac14704f047a8559ebbefc1f3c451b9f4fdd92cd37a",
        "info": {
          "architecture": 3,
          "path": "/System/Library/Frameworks/Python.framework/Versions/2.7/Resources/Python.app/Contents/MacOS/Python",
          "version": {
            "options": {
              "loose": false,
              "includePrerelease": false
            },
            "loose": false,
            "raw": "2.7.16-final",
            "major": 2,
            "minor": 7,
            "patch": 16,
            "prerelease": [
              "final"
            ],
            "build": [],
            "version": "2.7.16-final"
          },
          "sysPrefix": "/System/Library/Frameworks/Python.framework/Versions/2.7",
          "fileHash": "0df5b041e0ce41120a91fb06f0f46403ccdeed3591a0edd4a751590797089db44a78274121eba1cab254dac14704f047a8559ebbefc1f3c451b9f4fdd92cd37a",
          "type": "Unknown",
          "displayName": "Python 2.7.16 64-bit"
        }
      },
      "expiry": 1619090205332
    },
    "InterpreterAutoSeletionRule-currentPath": {
      "architecture": 3,
      "path": "/Users/ghasak.ibrahim/opt/anaconda3/bin/python",
      "version": {
        "options": {
          "loose": false,
          "includePrerelease": false
        },
        "loose": false,
        "raw": "3.8.5-final",
        "major": 3,
        "minor": 8,
        "patch": 5,
        "prerelease": [
          "final"
        ],
        "build": [],
        "version": "3.8.5-final"
      },
      "sysPrefix": "/Users/ghasak.ibrahim/opt/anaconda3",
      "fileHash": "908a6702ae7724e1accc1aeddaa546cf64f4e532e3a450af8dbb9dd3a61acf9f96f5652f6cff3992babdf9f096b91003eb7706a4ebaadc87c21edab83a41a6ea",
      "type": "Unknown"
    },
    "ProposeLSBanner": false,
    "/usr/local/opt/python@3.9/bin/python3.9.v3": {
      "data": {
        "architecture": 3,
        "path": "/usr/local/opt/python@3.9/bin/python3.9",
        "version": {
          "options": {
            "loose": false,
            "includePrerelease": false
          },
          "loose": false,
          "raw": "3.9.2-final",
          "major": 3,
          "minor": 9,
          "patch": 2,
          "prerelease": [
            "final"
          ],
          "build": [],
          "version": "3.9.2-final"
        },
        "sysPrefix": "/usr/local/opt/python@3.9/Frameworks/Python.framework/Versions/3.9",
        "fileHash": "cad0da47d72ce15dde59dbe971eddb2795403948a218df9a67714fe9ae58cd4d5aac4f5cc309dba7441e9e11991fc29f886b1e9e44dac9c1759c0ba78f55d5d8"
      },
      "expiry": 1618297835561
    },
    "/usr/local/opt/python@3.9/bin/python3.9.interpreter.displayName.v7": {
      "data": {
        "displayName": "Python 3.9.2 64-bit",
        "hash": "cad0da47d72ce15dde59dbe971eddb2795403948a218df9a67714fe9ae58cd4d5aac4f5cc309dba7441e9e11991fc29f886b1e9e44dac9c1759c0ba78f55d5d8-15461603e12589e699feb732cf04f6a3"
      },
      "expiry": 1618297889741
    },
    "/usr/local/opt/python@3.9/bin/python3.9.interpreter.Details.v7": {
      "data": {
        "fileHash": "cad0da47d72ce15dde59dbe971eddb2795403948a218df9a67714fe9ae58cd4d5aac4f5cc309dba7441e9e11991fc29f886b1e9e44dac9c1759c0ba78f55d5d8",
        "info": {
          "architecture": 3,
          "path": "/usr/local/opt/python@3.9/bin/python3.9",
          "version": {
            "options": {
              "loose": false,
              "includePrerelease": false
            },
            "loose": false,
            "raw": "3.9.2-final",
            "major": 3,
            "minor": 9,
            "patch": 2,
            "prerelease": [
              "final"
            ],
            "build": [],
            "version": "3.9.2-final"
          },
          "sysPrefix": "/usr/local/opt/python@3.9/Frameworks/Python.framework/Versions/3.9",
          "fileHash": "cad0da47d72ce15dde59dbe971eddb2795403948a218df9a67714fe9ae58cd4d5aac4f5cc309dba7441e9e11991fc29f886b1e9e44dac9c1759c0ba78f55d5d8",
          "type": "Unknown",
          "displayName": "Python 3.9.2 64-bit"
        }
      },
      "expiry": 1618297889752
    },
    "/Users/ghasak.ibrahim/Desktop/pythonProjectTesting/.envgpy/bin/python3.8.v3": {
      "data": {
        "architecture": 3,
        "path": "/Users/ghasak.ibrahim/Desktop/pythonProjectTesting/.envgpy/bin/python3.8",
        "version": {
          "options": {
            "loose": false,
            "includePrerelease": false
          },
          "loose": false,
          "raw": "3.8.5-final",
          "major": 3,
          "minor": 8,
          "patch": 5,
          "prerelease": [
            "final"
          ],
          "build": [],
          "version": "3.8.5-final"
        },
        "sysPrefix": "/Users/ghasak.ibrahim/Desktop/pythonProjectTesting/.envgpy",
        "fileHash": "c60da2ad3d3d5b54524b798f264bd2c29f7c2aad40d3da2263d9d35ab029536b330c96266c231501bd21349feb4e21c8b4bf0ff5d40920b90247f9c16c968b4b"
      },
      "expiry": 1619098591795
    },
    "/Users/ghasak.ibrahim/Desktop/pythonProjectTesting/.envgpy/bin/python3.v3": {
      "data": {
        "architecture": 3,
        "path": "/Users/ghasak.ibrahim/Desktop/pythonProjectTesting/.envgpy/bin/python3",
        "version": {
          "options": {
            "loose": false,
            "includePrerelease": false
          },
          "loose": false,
          "raw": "3.8.5-final",
          "major": 3,
          "minor": 8,
          "patch": 5,
          "prerelease": [
            "final"
          ],
          "build": [],
          "version": "3.8.5-final"
        },
        "sysPrefix": "/Users/ghasak.ibrahim/Desktop/pythonProjectTesting/.envgpy",
        "fileHash": "41bcb54ed8462d0251f3ec846faa2798058671062352018c609f723664dc7073765568d1122ab5503356d5308e077553ce24aa942f62d051d6655407a243e721"
      },
      "expiry": 1619098591800
    },
    "/Users/ghasak.ibrahim/Desktop/pythonProjectTesting/.envgpy/bin/python.v3": {
      "data": {
        "architecture": 3,
        "path": "/Users/ghasak.ibrahim/Desktop/pythonProjectTesting/.envgpy/bin/python",
        "version": {
          "options": {
            "loose": false,
            "includePrerelease": false
          },
          "loose": false,
          "raw": "3.8.5-final",
          "major": 3,
          "minor": 8,
          "patch": 5,
          "prerelease": [
            "final"
          ],
          "build": [],
          "version": "3.8.5-final"
        },
        "sysPrefix": "/Users/ghasak.ibrahim/Desktop/pythonProjectTesting/.envgpy",
        "fileHash": "7c5693a3d2b9a28e9adedbc7c67312a5542cb3bca94b3b123cd61bf578f59871c3fd4a829fe54a31cfb180c3c67fa74dc3ed8587764b6975c6f310b646f311a3"
      },
      "expiry": 1619098591824
    },
    "InterpreterAutoSeletionRule-environment": {
      "architecture": 3,
      "path": "/Users/ghasak.ibrahim/Desktop/pythonProjectTesting/.envgpy/bin/python3",
      "version": {
        "options": {
          "loose": false,
          "includePrerelease": false
        },
        "loose": false,
        "raw": "3.8.5-final",
        "major": 3,
        "minor": 8,
        "patch": 5,
        "prerelease": [
          "final"
        ],
        "build": [],
        "version": "3.8.5-final"
      },
      "sysPrefix": "/Users/ghasak.ibrahim/Desktop/pythonProjectTesting/.envgpy",
      "fileHash": "41bcb54ed8462d0251f3ec846faa2798058671062352018c609f723664dc7073765568d1122ab5503356d5308e077553ce24aa942f62d051d6655407a243e721",
      "type": "VirtualEnv"
    },
    "/Users/ghasak.ibrahim/Desktop/pythonProjectTesting/.envgpy/bin/python3.interpreter.Details.v7": {
      "data": {
        "fileHash": "41bcb54ed8462d0251f3ec846faa2798058671062352018c609f723664dc7073765568d1122ab5503356d5308e077553ce24aa942f62d051d6655407a243e721"
      },
      "expiry": 1618988828254
    },
    "/Users/ghasak.ibrahim/Desktop/pythonProjectTesting/.envgpy/bin/python.interpreter.displayName.v7": {
      "data": {
        "displayName": "Python 3.8.5 64-bit ('.envgpy': venv)",
        "hash": "7c5693a3d2b9a28e9adedbc7c67312a5542cb3bca94b3b123cd61bf578f59871c3fd4a829fe54a31cfb180c3c67fa74dc3ed8587764b6975c6f310b646f311a3-721c44751a903bfd1b2484ac609a83ce"
      },
      "expiry": 1619106293082
    },
    "/Users/ghasak.ibrahim/Desktop/pythonProjectTesting/.envgpy/bin/python.interpreter.Details.v7": {
      "data": {
        "fileHash": "7c5693a3d2b9a28e9adedbc7c67312a5542cb3bca94b3b123cd61bf578f59871c3fd4a829fe54a31cfb180c3c67fa74dc3ed8587764b6975c6f310b646f311a3",
        "info": {
          "architecture": 3,
          "path": "/Users/ghasak.ibrahim/Desktop/pythonProjectTesting/.envgpy/bin/python",
          "version": {
            "options": {
              "loose": false,
              "includePrerelease": false
            },
            "loose": false,
            "raw": "3.8.5-final",
            "major": 3,
            "minor": 8,
            "patch": 5,
            "prerelease": [
              "final"
            ],
            "build": [],
            "version": "3.8.5-final"
          },
          "sysPrefix": "/Users/ghasak.ibrahim/Desktop/pythonProjectTesting/.envgpy",
          "fileHash": "7c5693a3d2b9a28e9adedbc7c67312a5542cb3bca94b3b123cd61bf578f59871c3fd4a829fe54a31cfb180c3c67fa74dc3ed8587764b6975c6f310b646f311a3",
          "envName": ".envgpy",
          "type": "Venv",
          "displayName": "Python 3.8.5 64-bit ('.envgpy': venv)"
        }
      },
      "expiry": 1619106293145
    },
    "/Users/ghasak.ibrahim/Desktop/pythonProjectTesting/.envgpy/bin/python3.interpreter.displayName.v7": {
      "data": {
        "displayName": "Python 3.8.5 64-bit ('.envgpy': venv)",
        "hash": "41bcb54ed8462d0251f3ec846faa2798058671062352018c609f723664dc7073765568d1122ab5503356d5308e077553ce24aa942f62d051d6655407a243e721-0c469e77cfd1ee4cd9f22ab708382bd9"
      },
      "expiry": 1618988828747
    },
    "/usr/local/bin/python3.9.interpreter.displayName.v7": {
      "data": {
        "displayName": "Python 3.9.4 64-bit",
        "hash": "cd082dbe0f68dc9299b7568b02b4e29689071d8954f6436a3e42060f45cb84bfd86aa4243e012ab6e8f629148ee66ef2f6f75d614e8cf50007f97bb34ddc96d1-835af54e21bef2b9e4c39957de3c05a7"
      },
      "expiry": 1619090206087
    },
    "/usr/local/bin/python3.9.interpreter.Details.v7": {
      "data": {
        "fileHash": "cd082dbe0f68dc9299b7568b02b4e29689071d8954f6436a3e42060f45cb84bfd86aa4243e012ab6e8f629148ee66ef2f6f75d614e8cf50007f97bb34ddc96d1",
        "info": {
          "architecture": 3,
          "path": "/usr/local/bin/python3.9",
          "version": {
            "options": {
              "loose": false,
              "includePrerelease": false
            },
            "loose": false,
            "raw": "3.9.4-final",
            "major": 3,
            "minor": 9,
            "patch": 4,
            "prerelease": [
              "final"
            ],
            "build": [],
            "version": "3.9.4-final"
          },
          "sysPrefix": "/usr/local/opt/python@3.9/Frameworks/Python.framework/Versions/3.9",
          "fileHash": "cd082dbe0f68dc9299b7568b02b4e29689071d8954f6436a3e42060f45cb84bfd86aa4243e012ab6e8f629148ee66ef2f6f75d614e8cf50007f97bb34ddc96d1",
          "type": "Unknown",
          "displayName": "Python 3.9.4 64-bit"
        }
      },
      "expiry": 1619090369095
    },
    "InterpreterAutoSeletionRule-system": {
      "architecture": 3,
      "path": "/usr/local/bin/python3.9",
      "version": {
        "options": {
          "loose": false,
          "includePrerelease": false
        },
        "loose": false,
        "raw": "3.9.4-final",
        "major": 3,
        "minor": 9,
        "patch": 4,
        "prerelease": [
          "final"
        ],
        "build": [],
        "version": "3.9.4-final"
      },
      "sysPrefix": "/usr/local/opt/python@3.9/Frameworks/Python.framework/Versions/3.9",
      "fileHash": "cd082dbe0f68dc9299b7568b02b4e29689071d8954f6436a3e42060f45cb84bfd86aa4243e012ab6e8f629148ee66ef2f6f75d614e8cf50007f97bb34ddc96d1",
      "type": "Unknown",
      "displayName": "Python 3.9.4 64-bit"
    },
    "InterpreterAutoSeletionRule-cachedInterpreters": {
      "architecture": 3,
      "path": "/usr/local/bin/python3.9",
      "version": {
        "options": {
          "loose": false,
          "includePrerelease": false
        },
        "loose": false,
        "raw": "3.9.4-final",
        "major": 3,
        "minor": 9,
        "patch": 4,
        "prerelease": [
          "final"
        ],
        "build": [],
        "version": "3.9.4-final"
      },
      "sysPrefix": "/usr/local/opt/python@3.9/Frameworks/Python.framework/Versions/3.9",
      "fileHash": "cd082dbe0f68dc9299b7568b02b4e29689071d8954f6436a3e42060f45cb84bfd86aa4243e012ab6e8f629148ee66ef2f6f75d614e8cf50007f97bb34ddc96d1",
      "type": "Unknown",
      "displayName": "Python 3.9.4 64-bit"
    },
    "preferredGlobalPyInterpreter": {
      "architecture": 3,
      "path": "/usr/local/bin/python3.9",
      "version": {
        "options": {
          "loose": false,
          "includePrerelease": false
        },
        "loose": false,
        "raw": "3.9.4-final",
        "major": 3,
        "minor": 9,
        "patch": 4,
        "prerelease": [
          "final"
        ],
        "build": [],
        "version": "3.9.4-final"
      },
      "sysPrefix": "/usr/local/opt/python@3.9/Frameworks/Python.framework/Versions/3.9",
      "fileHash": "cd082dbe0f68dc9299b7568b02b4e29689071d8954f6436a3e42060f45cb84bfd86aa4243e012ab6e8f629148ee66ef2f6f75d614e8cf50007f97bb34ddc96d1",
      "type": "Unknown",
      "displayName": "Python 3.9.4 64-bit"
    },
    "InterpreterAutoSeletionRule-workspaceEnvs": {
      "architecture": 3,
      "path": "/Users/ghasak.ibrahim/Desktop/pythonProjectTesting/.envgpy/bin/python3.8",
      "version": {
        "options": {
          "loose": false,
          "includePrerelease": false
        },
        "loose": false,
        "raw": "3.8.5-final",
        "major": 3,
        "minor": 8,
        "patch": 5,
        "prerelease": [
          "final"
        ],
        "build": [],
        "version": "3.8.5-final"
      },
      "sysPrefix": "/Users/ghasak.ibrahim/Desktop/pythonProjectTesting/.envgpy",
      "fileHash": "c60da2ad3d3d5b54524b798f264bd2c29f7c2aad40d3da2263d9d35ab029536b330c96266c231501bd21349feb4e21c8b4bf0ff5d40920b90247f9c16c968b4b",
      "envName": ".envgpy",
      "type": "Venv"
    }
  },
  "coc-python|/Users/ghasak.ibrahim/Desktop/binance-trader-v4": {
    "INTERPRETERS_CACHE_v3_PipEnvService": [],
    "INTERPRETERS_CACHE_v3_WorkspaceVirtualEnvService": [],
    "INTERPRETERS_CACHE_v3_PipEnvService:57a036d1f69d30304fc29295803c8dd9": [],
    "INTERPRETERS_CACHE_v3_WorkspaceVirtualEnvService:57a036d1f69d30304fc29295803c8dd9": [],
    "autoSelectedWorkspacePythonInterpreter-/Users/ghasak.ibrahim/Desktop/binance-trader-v4": {
      "architecture": 3,
      "path": "/usr/local/bin/python3",
      "version": {
        "options": {
          "loose": false,
          "includePrerelease": false
        },
        "loose": false,
        "raw": "3.9.2-final",
        "major": 3,
        "minor": 9,
        "patch": 2,
        "prerelease": [
          "final"
        ],
        "build": [],
        "version": "3.9.2-final"
      },
      "sysPrefix": "/usr/local/opt/python@3.9/Frameworks/Python.framework/Versions/3.9",
      "fileHash": "e47b2b812e3b05d4a03c1c02bfc069ff41027637f5370508457d40e697f75ebe49a29d9151772b197f2e26bd787e8711932711d84967d7af4e03236a06997fd5",
      "type": "Unknown",
      "displayName": "Python 3.9.2 64-bit"
    },
    "SelectedPythonPath": "/Users/ghasak.ibrahim/opt/anaconda3/bin/python"
  },
  "coc-eslint|global": {
    "eslintLibraries": {
      "libs": {}
    },
    "eslintAlwaysAllowExecution": true
  },
  "coc-python|/Users/ghasak.ibrahim/Desktop/pythonProjectTesting": {
    "INTERPRETERS_CACHE_v3_PipEnvService": [],
    "SelectedPythonPath": "/Users/ghasak.ibrahim/Desktop/pythonProjectTesting/.envgpy/bin/python3",
    "autoSelectedWorkspacePythonInterpreter-/Users/ghasak.ibrahim/Desktop/pythonProjectTesting": {
      "architecture": 3,
      "path": "/Users/ghasak.ibrahim/Desktop/pythonProjectTesting/.envgpy/bin/python3.8",
      "version": {
        "options": {
          "loose": false,
          "includePrerelease": false
        },
        "loose": false,
        "raw": "3.8.5-final",
        "major": 3,
        "minor": 8,
        "patch": 5,
        "prerelease": [
          "final"
        ],
        "build": [],
        "version": "3.8.5-final"
      },
      "sysPrefix": "/Users/ghasak.ibrahim/Desktop/pythonProjectTesting/.envgpy",
      "fileHash": "c60da2ad3d3d5b54524b798f264bd2c29f7c2aad40d3da2263d9d35ab029536b330c96266c231501bd21349feb4e21c8b4bf0ff5d40920b90247f9c16c968b4b",
      "envName": ".envgpy",
      "type": "Venv"
    },
    "INTERPRETERS_CACHE_v3_PipEnvService:ff0535469924217670bff981c2694669": [],
    "INTERPRETERS_CACHE_v3_WorkspaceVirtualEnvService": [
      {
        "architecture": 3,
        "path": "/Users/ghasak.ibrahim/Desktop/pythonProjectTesting/.envgpy/bin/python",
        "version": {
          "options": {
            "loose": false,
            "includePrerelease": false
          },
          "loose": false,
          "raw": "3.8.5-final",
          "major": 3,
          "minor": 8,
          "patch": 5,
          "prerelease": [
            "final"
          ],
          "build": [],
          "version": "3.8.5-final"
        },
        "sysPrefix": "/Users/ghasak.ibrahim/Desktop/pythonProjectTesting/.envgpy",
        "fileHash": "7c5693a3d2b9a28e9adedbc7c67312a5542cb3bca94b3b123cd61bf578f59871c3fd4a829fe54a31cfb180c3c67fa74dc3ed8587764b6975c6f310b646f311a3",
        "envName": ".envgpy",
        "type": "Venv"
      },
      {
        "architecture": 3,
        "path": "/Users/ghasak.ibrahim/Desktop/pythonProjectTesting/.envgpy/bin/python3",
        "version": {
          "options": {
            "loose": false,
            "includePrerelease": false
          },
          "loose": false,
          "raw": "3.8.5-final",
          "major": 3,
          "minor": 8,
          "patch": 5,
          "prerelease": [
            "final"
          ],
          "build": [],
          "version": "3.8.5-final"
        },
        "sysPrefix": "/Users/ghasak.ibrahim/Desktop/pythonProjectTesting/.envgpy",
        "fileHash": "41bcb54ed8462d0251f3ec846faa2798058671062352018c609f723664dc7073765568d1122ab5503356d5308e077553ce24aa942f62d051d6655407a243e721",
        "envName": ".envgpy",
        "type": "Venv"
      },
      {
        "architecture": 3,
        "path": "/Users/ghasak.ibrahim/Desktop/pythonProjectTesting/.envgpy/bin/python3.8",
        "version": {
          "options": {
            "loose": false,
            "includePrerelease": false
          },
          "loose": false,
          "raw": "3.8.5-final",
          "major": 3,
          "minor": 8,
          "patch": 5,
          "prerelease": [
            "final"
          ],
          "build": [],
          "version": "3.8.5-final"
        },
        "sysPrefix": "/Users/ghasak.ibrahim/Desktop/pythonProjectTesting/.envgpy",
        "fileHash": "c60da2ad3d3d5b54524b798f264bd2c29f7c2aad40d3da2263d9d35ab029536b330c96266c231501bd21349feb4e21c8b4bf0ff5d40920b90247f9c16c968b4b",
        "envName": ".envgpy",
        "type": "Venv"
      }
    ],
    "INTERPRETERS_CACHE_v3_WorkspaceVirtualEnvService:ff0535469924217670bff981c2694669": [
      {
        "architecture": 3,
        "path": "/Users/ghasak.ibrahim/Desktop/pythonProjectTesting/.envgpy/bin/python",
        "version": {
          "options": {
            "loose": false,
            "includePrerelease": false
          },
          "loose": false,
          "raw": "3.8.5-final",
          "major": 3,
          "minor": 8,
          "patch": 5,
          "prerelease": [
            "final"
          ],
          "build": [],
          "version": "3.8.5-final"
        },
        "sysPrefix": "/Users/ghasak.ibrahim/Desktop/pythonProjectTesting/.envgpy",
        "fileHash": "7c5693a3d2b9a28e9adedbc7c67312a5542cb3bca94b3b123cd61bf578f59871c3fd4a829fe54a31cfb180c3c67fa74dc3ed8587764b6975c6f310b646f311a3",
        "envName": ".envgpy",
        "type": "Venv"
      },
      {
        "architecture": 3,
        "path": "/Users/ghasak.ibrahim/Desktop/pythonProjectTesting/.envgpy/bin/python3",
        "version": {
          "options": {
            "loose": false,
            "includePrerelease": false
          },
          "loose": false,
          "raw": "3.8.5-final",
          "major": 3,
          "minor": 8,
          "patch": 5,
          "prerelease": [
            "final"
          ],
          "build": [],
          "version": "3.8.5-final"
        },
        "sysPrefix": "/Users/ghasak.ibrahim/Desktop/pythonProjectTesting/.envgpy",
        "fileHash": "41bcb54ed8462d0251f3ec846faa2798058671062352018c609f723664dc7073765568d1122ab5503356d5308e077553ce24aa942f62d051d6655407a243e721",
        "envName": ".envgpy",
        "type": "Venv"
      },
      {
        "architecture": 3,
        "path": "/Users/ghasak.ibrahim/Desktop/pythonProjectTesting/.envgpy/bin/python3.8",
        "version": {
          "options": {
            "loose": false,
            "includePrerelease": false
          },
          "loose": false,
          "raw": "3.8.5-final",
          "major": 3,
          "minor": 8,
          "patch": 5,
          "prerelease": [
            "final"
          ],
          "build": [],
          "version": "3.8.5-final"
        },
        "sysPrefix": "/Users/ghasak.ibrahim/Desktop/pythonProjectTesting/.envgpy",
        "fileHash": "c60da2ad3d3d5b54524b798f264bd2c29f7c2aad40d3da2263d9d35ab029536b330c96266c231501bd21349feb4e21c8b4bf0ff5d40920b90247f9c16c968b4b",
        "envName": ".envgpy",
        "type": "Venv"
      }
    ]
  },
  "coc-python|/Users/ghasak.ibrahim/Documents/Learning/SideProjects/ALPFILES/ALPA_DESKTOP/jar": {
    "INTERPRETERS_CACHE_v3_PipEnvService": [],
    "INTERPRETERS_CACHE_v3_WorkspaceVirtualEnvService": [],
    "INTERPRETERS_CACHE_v3_PipEnvService:ef797da8926d8b78cc951dcaa870d5dd": [],
    "INTERPRETERS_CACHE_v3_WorkspaceVirtualEnvService:ef797da8926d8b78cc951dcaa870d5dd": [],
    "SelectedPythonPath": "/Users/ghasak.ibrahim/opt/anaconda3/bin/python",
    "INTERPRETERS_CACHE_v3_PipEnvService:cb3f5554adbfc0d8c319a15db7c13a14": [],
    "INTERPRETERS_CACHE_v3_WorkspaceVirtualEnvService:cb3f5554adbfc0d8c319a15db7c13a14": []
  }
}