{
  // General Configurations
  "suggest.completionItemKindLabels": {
    "method": "  ",
    "function": "  ",
    "variable": "[]",
    "field": "  ",
    "typeParameter": "<>",
    "constant": "  ",
    "class": " פּ ",
    "interface": " 蘒",
    "struct": "  ",
    "event": "  ",
    "operator": "  ",
    "module": "  ",
    "property": "  ",
    "enum": " 練",
    "reference": "  ",
    "keyword": "  ",
    "file": "  ",
    "folder": " ﱮ ",
    "color": "  ",
    "unit": " 塞 ",
    "snippet": "  ",
    "text": "  ",
    "constructor": "  ",
    "value": "  ",
    "enumMember": "  "
  },

  // float config
  //"suggest.floatEnable": true,
  //"diagnostic.messageTarget": "float",
  //"signature.target": "float",

  "coc.preferences.formatOnSaveFiletypes": [
    "css",
    "markdown",
    "javascript",
    "graphql",
    "html",
    "yaml",
    "json",
    "python"
  ],
  "coc.source.emoji.triggerCharacters": ["TRIGGERCHAR"],
  "diagnostic.errorSign": "",
  "diagnostic.warningSign": "",
  "diagnostic.infoSign": "",
  "diagnostic.hintSign": "",
  "suggest.noselect": false,
  "suggest.echodocSupport": true,
  "codeLens.enable": true,
  "signature.enable": true,
  "suggest.preferCompleteThanJumpPlaceholder": true,
  "typescript.preferences.quoteStyle": "single",
  "typescript.preferences.importModuleSpecifier": "auto",
  "eslint.autoFixOnSave": true,
  "tsserver.implicitProjectConfig.experimentalDecorators": true,
  "html.suggest.angular1": false,
  "html.suggest.html5": true,
  "html.suggest.ionic": false,
  //Python Configurations
  //"python.linting.pylintEnabled": true,
  //"python.linting.pylintArgs": ["--load-plugins", "pylint_django"],
  //"python.linting.mypyPath": "~/.local/bin/mypy",
  // Go t definition
  //"coc.preferences.jumpCommand": "vsplit",
  "python.workspaceSymbols.exclusionPatterns": [],
  "python.jediEnabled": false,
  "python.formatting.blackPath": "~/opt/anaconda3/bin/black",
  "python.formatting.provider": "black",
  "python.linting.mypyEnabled": true,
  "python.sortImports.path": "/home/calev/.local/bin/isort",
  "python.linting.enabled": true,
  "python.linting.pylintEnabled": true,
  //tsserver.enable": true,
  //flow.enable": true,
  "prettier.singleQuote": true,
  "prettier.eslintIntegration": true,
  "prettier.disableSuccessMessage": true,
  "suggest.removeDuplicateItems": true,
  "tsserver.enableJavascript": true,
  "javascript.validate.enable": true,
  "suggest.enablePreview": true,
  "tsserver.trace.server": "verbose",
  "tsserver.log": "verbose",
  "eslint.alwaysShowStatus": true,
  "eslint.probe": [
    "javascript",
    "typescript",
    "typescriptreact",
    "javascriptreact",
    "typescript.tsx",
    "javascript",
    "javascriptreact",
    "typescript",
    "typescriptreact",
    "html",
    "vue",
    "markdown"
  ],

  "css.validate": false,
  "scss.validate": false,
  "diagnostic.refreshOnInsertMode": true,
  "diagnostic.messageDelay": 100,
  "diagnostic-languageserver.filetypes": {
    "javascript": "eslint"
  },
  "suggest.maxCompleteItemCount": 20,

  "diagnostic-languageserver.linters": {
    "eslint": {
      // Configure local or global using  :CocCommand eslint.showOutputChannel
      // Local repository
      "command": "./node_modules/.bin/eslint",
      // Global repository
      //"command": "/usr/local/lib/node_modules/eslint",
      "rootPatterns": [".git", "package.json"],
      "debounce": 100,
      "args": ["--stdin", "--stdin-filename", "%filepath", "--format", "json"],
      "sourceName": "eslint",
      "parseJson": {
        "errorsRoot": "[0].messages",
        "line": "line",
        "column": "column",
        "endLine": "endLine",
        "endColumn": "endColumn",
        "message": "${message} [${ruleId}]",
        "security": "severity"
      },

      /*
      R Languages configurations
      //"coc.preferences.hoverTarget": "echo",
      //"signature.target": "echo",
      // Configurations for R
      //"r.lsp.path": "/usr/local/bin/R",
  */
      "r.lsp.debug": true,
      "r.lsp.diagnostics": true,
      "languageserver": {
        "R": {
          "command": "/usr/local/bin/R",
          "args": ["--slave", "-e", "languageserver::run()"],
          "filetypes": ["r"]
        }
      }
    }
  },
  "cSpell.userWords": ["Codi"],
  // explorer
  "explorer.file.showHiddenFiles": true,
  "explorer.width": 30,
  "explorer.icon.enableNerdfont": true,
  "explorer.previewAction.onHover": false,
  "explorer.keyMappings.global": {
    "<cr>": ["expandable?", "expand", "open"],
    "v": "open:vsplit",
    "explorer.keyMappings": {
      "s": "open:vsplit",
      "mm": "rename",
      "mc": "copyFile",
      "C": "copyFile",
      "md": "delete",
      "D": "delete",
      "ma": "addFile",
      "mA": "addDirectory"
    }
  }
}
